INSERT INTO applicationentity (id, name, description, organization_id) VALUES
('550e8400-e29b-41d4-a716-446655440001', 'Car_Project', 'This project is meant to measure software-apps in the car industry', '550e8400-e29b-41d4-a716-446655440000'),
('550e8400-e29b-41d4-a716-446655440002', 'Horse_Project', 'This project is meant to measure software-apps in horse-stables', '550e8400-e29b-41d4-a716-446655440000'),
('550e8400-e29b-41d4-a716-446655440003', 'Train_Project', 'This project is meant to measure software-apps in the train industry', '550e8400-e29b-41d4-a716-446655440000'),
('550e8400-e29b-41d4-a716-446655440004', 'Plane_Project', 'This project is meant to measure software-apps in airplanes', '550e8400-e29b-41d4-a716-446655440000'),
('550e8400-e29b-41d4-a716-446655440005', 'Ship_Project', 'This project is meant to measure software-apps in the marine environment', '550e8400-e29b-41d4-a716-446655440000');


INSERT INTO contextentity (id, name, description, application_id) VALUES
('0BCF73BB-EC1D-4F05-B2C9-50E107B9C5EA', 'Context A', 'This is Context A', '550e8400-e29b-41d4-a716-446655440001'),
('0BCF73BB-EC1D-4F05-B2C9-50E107B9C5EB', 'Context B', 'This is Context B', '550e8400-e29b-41d4-a716-446655440001'),
('0BCF73BB-EC1D-4F05-B2C9-50E107B9C5EC', 'Context C', 'This is Context C', '550e8400-e29b-41d4-a716-446655440002'),
('0BCF73BB-EC1D-4F05-B2C9-50E107B9C5ED', 'Context D', 'This is Context D', '550e8400-e29b-41d4-a716-446655440002'),
('0BCF73BB-EC1D-4F05-B2C9-50E107B9C5EE', 'Context E', 'This is Context E', '550e8400-e29b-41d4-a716-446655440004'),
('0BCF73BB-EC1D-4F05-B2C9-50E107B9C5EF', 'Context F', 'This is Context F', '550e8400-e29b-41d4-a716-446655440004'),
('0BCF73BB-EC1D-4F05-B2C9-50E107B9C5F0', 'Context G', 'This is Context G', '550e8400-e29b-41d4-a716-446655440005'),
('0BCF73BB-EC1D-4F05-B2C9-50E107B9C5F1', 'Context H', 'This is Context H', '550e8400-e29b-41d4-a716-446655440005'),
('0BCF73BB-EC1D-4F05-B2C9-50E107B9C5F2', 'Context I', 'This is Context I', '550e8400-e29b-41d4-a716-446655440003'),
('0BCF73BB-EC1D-4F05-B2C9-50E107B9C5F3', 'Context J', 'This is Context J', '550e8400-e29b-41d4-a716-446655440003');;

INSERT INTO artefactentity (id, creationtime, mimetype, context_id, artefacttype, originalfilename, defaultfile) VALUES
('123e4567-e89b-12d3-a456-426614174001',  '2025-03-07 12:40:04.145373 +00:00', 'application/zip', '0BCF73BB-EC1D-4F05-B2C9-50E107B9C5EA', 'APPLICATION_VARIANT', 'av_car_1.zip', false),
('123e4567-e89b-12d3-a456-426614174002',  '2025-03-07 12:40:11.320200 +00:00', 'application/zip', '0BCF73BB-EC1D-4F05-B2C9-50E107B9C5F3', 'APPLICATION_VARIANT', 'av_car_2.zip',  false),
('123e4567-e89b-12d3-a456-426614174003',  '2025-03-07 12:40:20.370651 +00:00', 'application/zip', '0BCF73BB-EC1D-4F05-B2C9-50E107B9C5EB', 'APPLICATION_VARIANT', 'av_car_3.zip', false),
('123e4567-e89b-12d3-a456-426614174004', '2025-03-07 12:40:27.100208 +00:00', 'application/zip', '0BCF73BB-EC1D-4F05-B2C9-50E107B9C5EB', 'APPLICATION_VARIANT', 'av_car_4.zip', true),
('123e4567-e89b-12d3-a456-426614174005', '2025-03-07 12:40:40.638344 +00:00', 'application/zip', '0BCF73BB-EC1D-4F05-B2C9-50E107B9C5EC', 'APPLICATION_VARIANT', 'av_horse_1.zip', false),
('123e4567-e89b-12d3-a456-426614174006', '2025-03-07 12:40:40.638344 +00:00', 'application/zip', '0BCF73BB-EC1D-4F05-B2C9-50E107B9C5F2', 'APPLICATION_VARIANT', 'av_train_1.zip', false),
('123e4567-e89b-12d3-a456-426614174021', '2025-03-07 12:50:04.145373 +00:00', 'application/zip', '0BCF73BB-EC1D-4F05-B2C9-50E107B9C5EE', 'APPLICATION_VARIANT', 'av_plane_1.zip', false),
('123e4567-e89b-12d3-a456-426614174022', '2025-03-07 12:50:10.145373 +00:00', 'application/zip', '0BCF73BB-EC1D-4F05-B2C9-50E107B9C5EF', 'APPLICATION_VARIANT', 'av_plane_2.zip', true),
('123e4567-e89b-12d3-a456-426614174023', '2025-03-07 12:55:04.145373 +00:00', 'application/zip', '0BCF73BB-EC1D-4F05-B2C9-50E107B9C5F0', 'APPLICATION_VARIANT', 'av_ship_1.zip', false),
('123e4567-e89b-12d3-a456-426614174024', '2025-03-07 12:55:10.145373 +00:00', 'application/zip', '0BCF73BB-EC1D-4F05-B2C9-50E107B9C5F1', 'APPLICATION_VARIANT', 'av_ship_2.zip', true);

INSERT INTO measuremententity(id, last_updated, name, description, artefact_id, measurementstate, trigger, result_ecodigit_score, result_gwp, result_weee, result_ced, result_tox, result_water, result_adp, simulation_duration) VALUES
('123e4567-e89b-12d3-a456-426614174001', '2025-03-11 13:30:45.123456 +00:00', 'Car Measurement 1', 'The initial version of Car-App with no optimizations or updates.',   '123e4567-e89b-12d3-a456-426614174001', 'COMPLETED', 'PIPELINE', 8000.456, 0.356, 0.123, 0.345, 0.2, 0.341, 0.235, 0.341),
('123e4567-e89b-12d3-a456-426614174002', '2025-04-11 13:37:25.123456 +00:00', 'Car Measurement 2', 'The initial version of Car-App with no optimizations or updates.',  '123e4567-e89b-12d3-a456-426614174001', 'COMPLETED', 'PIPELINE', 7234.456, 0.345, 0.345, 0.987, 0.83, 0.343, 0.3342, 0.344),
('123e4567-e89b-12d3-a456-426614174003', '2025-05-11 13:39:25.123456 +00:00', 'Car Measurement 3','The initial version of Car-App with no optimizations or updates.',  '123e4567-e89b-12d3-a456-426614174001', 'PREPARE', 'PIPELINE', 9455.456, 0.3455, 0.456, 0.765, 0.347, 0.451, 0.342, 0.343),
('123e4567-e89b-12d3-a456-426614174004', '2025-06-11 13:40:25.123456 +00:00', 'Car Measurement 4','The initial version of Car-App with no optimizations or updates.',  '123e4567-e89b-12d3-a456-426614174001', 'COMPLETED', 'PIPELINE', 6994.346, 0.345, 0.567, 0.543, 0.346, 0.676, 0.347, 0.345),
('123e4567-e89b-12d3-a456-426614174005', '2025-07-11 13:40:25.123456 +00:00', 'Car Measurement 5','The initial version of Car-App with no optimizations or updates.',  '123e4567-e89b-12d3-a456-426614174001', 'COMPLETED', 'PIPELINE', 9456.345, 0.987, 0.678, 0.454, 0.35, 0.454, 0.345, 0.346),
('123e4567-e89b-12d3-a456-426614174006', '2025-08-11 13:39:25.123456 +00:00', 'Car Measurement 6','The initial version of Car-App with no optimizations or updates.',  '123e4567-e89b-12d3-a456-426614174001', 'PREPARE', 'PIPELINE', 8455.456, 0.3455, 0.456, 0.765, 0.347, 0.451, 0.342, 0.343),
('123e4567-e89b-12d3-a456-426614174007', '2025-09-11 13:40:25.123456 +00:00', 'Car Measurement 7','The initial version of Car-App with no optimizations or updates.',  '123e4567-e89b-12d3-a456-426614174001', 'COMPLETED', 'PIPELINE', 8894.346, 0.345, 0.567, 0.543, 0.346, 0.676, 0.347, 0.345),
('123e4567-e89b-12d3-a456-426614174008', '2025-10-11 13:40:25.123456 +00:00', 'Car Measurement 8','The initial version of Car-App with no optimizations or updates.',  '123e4567-e89b-12d3-a456-426614174001', 'COMPLETED', 'PIPELINE', 8353.345, 0.437, 0.648, 0.454, 0.445, 0.154, 0.234, 0.345),
('123e4567-e89b-12d3-a456-426614174009', '2025-03-11 13:40:25.123456 +00:00', 'Car Measurement 9','The initial version of Car-App with no optimizations or updates.',  '123e4567-e89b-12d3-a456-426614174005', 'COMPLETED', 'PIPELINE', 9356.345, 0.237, 0.978, 0.0454, 0.12, 0.254, 0.456, 0.3423),
('123e4567-e89b-12d3-a456-426614174010', '2025-04-11 13:40:25.123456 +00:00', 'Car Measurement 1A','The initial version of Car-App with no optimizations or updates.',  '123e4567-e89b-12d3-a456-426614174005', 'COMPLETED', 'PIPELINE', 7456.323, 0.677, 0.7768, 0.564, 0.225, 0.354, 0.567, 0.3123),
('123e4567-e89b-12d3-a456-426614174011', '2025-05-11 13:40:25.123456 +00:00', 'Car Measurement 2A','The initial version of Car-App with no optimizations or updates.',  '123e4567-e89b-12d3-a456-426614174005', 'COMPLETED', 'PIPELINE', 7433.454, 0.787, 0.6678, 0.234, 0.45, 0.453, 0.6743, 0.567),
('123e4567-e89b-12d3-a456-426614174012', '2025-06-11 13:40:25.123456 +00:00', 'Car Measurement 3A','The initial version of Car-App with no optimizations or updates.',  '123e4567-e89b-12d3-a456-426614174005', 'COMPLETED', 'PIPELINE', 8156.877, 0.1237, 0.678, 0.0234, 0.865, 0.423, 0.3345, 0.4567),
('123e4567-e89b-12d3-a456-426614174013', '2025-07-11 13:40:25.123456 +00:00', 'Car Measurement 4A','The initial version of Car-App with no optimizations or updates.',  '123e4567-e89b-12d3-a456-426614174005', 'COMPLETED', 'PIPELINE', 9956.566, 0.897, 0.078, 0.01454, 0.345, 0.478, 0.34345, 0.876),
('123e4567-e89b-12d3-a456-426614174014', '2025-08-11 13:40:25.123456 +00:00', 'Car Measurement 5A','The initial version of Car-App with no optimizations or updates.',  '123e4567-e89b-12d3-a456-426614174005', 'COMPLETED', 'PIPELINE', 7056.766, 0.327, 0.7128, 0.0454, 0.78, 0.4234, 0.3345, 0.876),
('123e4567-e89b-12d3-a456-426614174015', '2025-09-11 13:40:25.123456 +00:00', 'Car Measurement 6A','The initial version of Car-App with no optimizations or updates.',  '123e4567-e89b-12d3-a456-426614174005', 'COMPLETED', 'PIPELINE', 8500.9875, 0.387, 0.878, 0.0456, 0.312, 0.4123, 0.123, 0.456),
('123e4567-e89b-12d3-a456-426614174016', '2025-10-11 13:40:25.123456 +00:00', 'Car Measurement 7A','The initial version of Car-App with no optimizations or updates.',  '123e4567-e89b-12d3-a456-426614174005', 'COMPLETED', 'PIPELINE', 7245.45, 0.487, 0.0678, 0.0123, 0.976, 0.4234, 0.4567, 0.875),
('123e4567-e89b-12d3-a456-426614174017', '2025-10-11 13:40:25.123456 +00:00', 'Car Measurement 8A','The initial version of Car-App with no optimizations or updates.',  '123e4567-e89b-12d3-a456-426614174005', 'COMPLETED', 'PIPELINE', 945.45, 0.487, 0.238, 0.0123, 0.976, 0.44334, 0.34467, 0.225),
('123e4567-e89b-12d3-a456-426614174018', '2025-09-11 13:40:25.123456 +00:00', 'Car Measurement 9A','The initial version of Car-App with no optimizations or updates.',  '123e4567-e89b-12d3-a456-426614174005', 'COMPLETED', 'PIPELINE', 8545.45, 0.487, 0.0678, 0.0123, 0.976, 0.4234, 0.4567, 0.875),
('123e4567-e89b-12d3-a456-426614174019', '2025-08-11 13:40:25.123456 +00:00', 'Car Measurement 10A','The initial version of Car-App with no optimizations or updates.',  '123e4567-e89b-12d3-a456-426614174005', 'COMPLETED', 'PIPELINE', 9345.45, 0.487, 0.0678, 0.0123, 0.976, 0.4234, 0.4567, 0.875),
('123e4567-e89b-12d3-a456-426614174020', '2025-10-11 13:40:25.123456 +00:00', 'Car Measurement 10A','The initial version of Car-App with no optimizations or updates.',  '123e4567-e89b-12d3-a456-426614174005', 'COMPLETED', 'PIPELINE', 8345.45, 0.487, 0.0678, 0.0123, 0.976, 0.4234, 0.4567, 0.875),
('123e4567-e89b-12d3-a456-426614174030','2025-04-11 10:30:00 +00:00','Plane Measurement 1','Initial plane software evaluation','123e4567-e89b-12d3-a456-426614174021','COMPLETED','PIPELINE',7850.4,0.345,0.234,0.543,0.234,0.345,0.234,0.321),
('123e4567-e89b-12d3-a456-426614174031','2025-05-11 10:30:00 +00:00','Plane Measurement 2','Monthly plane evaluation','123e4567-e89b-12d3-a456-426614174021','COMPLETED','PIPELINE',8123.5,0.456,0.345,0.654,0.334,0.445,0.334,0.341),
('123e4567-e89b-12d3-a456-426614174032','2025-06-11 10:30:00 +00:00','Plane Measurement 3','Monthly plane evaluation','123e4567-e89b-12d3-a456-426614174021','COMPLETED','PIPELINE',7456.3,0.512,0.345,0.543,0.345,0.356,0.312,0.322),
('123e4567-e89b-12d3-a456-426614174033','2025-07-11 10:30:00 +00:00','Plane Measurement 4','Monthly plane evaluation','123e4567-e89b-12d3-a456-426614174021','COMPLETED','PIPELINE',6655.7,0.467,0.367,0.578,0.354,0.389,0.345,0.344),
('123e4567-e89b-12d3-a456-426614174034','2025-08-11 10:30:00 +00:00','Plane Measurement 5','Monthly plane evaluation','123e4567-e89b-12d3-a456-426614174021','COMPLETED','PIPELINE',6999.4,0.389,0.367,0.498,0.356,0.367,0.356,0.341),
('123e4567-e89b-12d3-a456-426614174035','2025-09-11 10:30:00 +00:00','Plane Measurement 6','Monthly plane evaluation','123e4567-e89b-12d3-a456-426614174021','COMPLETED','PIPELINE',5234.7,0.423,0.378,0.512,0.345,0.345,0.345,0.356),
('123e4567-e89b-12d3-a456-426614174036','2025-10-11 10:30:00 +00:00','Plane Measurement 7','Monthly plane evaluation','123e4567-e89b-12d3-a456-426614174021','COMPLETED','PIPELINE',5544.6,0.412,0.345,0.478,0.398,0.378,0.356,0.389),
('123e4567-e89b-12d3-a456-426614174037','2025-11-11 10:30:00 +00:00','Plane Measurement 8','Monthly plane evaluation','123e4567-e89b-12d3-a456-426614174021','COMPLETED','PIPELINE',4887.4,0.389,0.356,0.445,0.423,0.367,0.367,0.362),
('123e4567-e89b-12d3-a456-426614174038','2025-04-11 11:00:00 +00:00','Ship Measurement 1','Initial ship software evaluation','123e4567-e89b-12d3-a456-426614174023','COMPLETED','PIPELINE',4650.320,0.334,0.210,0.523,0.221,0.332,0.221,0.318),
('123e4567-e89b-12d3-a456-426614174039','2025-05-11 11:00:00 +00:00','Ship Measurement 2','Monthly ship evaluation','123e4567-e89b-12d3-a456-426614174023','COMPLETED','PIPELINE',3888.210,0.356,0.298,0.601,0.298,0.351,0.287,0.327),
('123e4567-e89b-12d3-a456-426614174040','2025-06-11 11:00:00 +00:00','Ship Measurement 3','Monthly ship evaluation','123e4567-e89b-12d3-a456-426614174023','COMPLETED','PIPELINE',4023.880,0.377,0.315,0.589,0.309,0.362,0.292,0.331),
('123e4567-e89b-12d3-a456-426614174041','2025-07-11 11:00:00 +00:00','Ship Measurement 4','Monthly ship evaluation','123e4567-e89b-12d3-a456-426614174023','COMPLETED','PIPELINE',4256.540,0.365,0.327,0.574,0.318,0.372,0.301,0.339),
('123e4567-e89b-12d3-a456-426614174042','2025-08-11 11:00:00 +00:00','Ship Measurement 5','Monthly ship evaluation','123e4567-e89b-12d3-a456-426614174023','COMPLETED','PIPELINE',5489.770,0.354,0.339,0.559,0.327,0.381,0.309,0.347),
('123e4567-e89b-12d3-a456-426614174043','2025-09-11 11:00:00 +00:00','Ship Measurement 6','Monthly ship evaluation','123e4567-e89b-12d3-a456-426614174023','COMPLETED','PIPELINE',6722.110,0.362,0.348,0.548,0.336,0.389,0.318,0.353),
('123e4567-e89b-12d3-a456-426614174044','2025-10-11 11:00:00 +00:00','Ship Measurement 7','Monthly ship evaluation','123e4567-e89b-12d3-a456-426614174023','COMPLETED','PIPELINE',6954.430,0.371,0.359,0.536,0.344,0.395,0.326,0.359),
('123e4567-e89b-12d3-a456-426614174045','2025-11-11 11:00:00 +00:00','Ship Measurement 8','Monthly ship evaluation','123e4567-e89b-12d3-a456-426614174023','COMPLETED','PIPELINE',7187.650,0.368,0.371,0.524,0.353,0.402,0.333,0.364),
('123e4567-e89b-12d3-a456-426614174050','2025-04-11 12:10:00 +00:00','Train Measurement 1','Initial train software evaluation, baseline configuration.','123e4567-e89b-12d3-a456-426614174006','COMPLETED', 'PIPELINE',12150.432, 0.412, 0.654, 0.578, 0.362, 0.398, 0.341, 0.355),
('123e4567-e89b-12d3-a456-426614174051', '2025-05-11 12:10:00 +00:00','Train Measurement 2','Monthly evaluation with minor performance optimizations.','123e4567-e89b-12d3-a456-426614174006','COMPLETED', 'PIPELINE',12023.389, 0.398, 0.643, 0.566, 0.354, 0.389, 0.337, 0.349),
('123e4567-e89b-12d3-a456-426614174052','2025-06-11 12:10:00 +00:00','Train Measurement 3','Energy-optimization features enabled.','123e4567-e89b-12d3-a456-426614174006','COMPLETED', 'PIPELINE',12875.274, 0.387, 0.631, 0.553, 0.347, 0.381, 0.332, 0.344),
('123e4567-e89b-12d3-a456-426614174053','2025-07-11 12:10:00 +00:00','Train Measurement 4','Further reduction of background processes.','123e4567-e89b-12d3-a456-426614174006','COMPLETED', 'PIPELINE',12742.118, 0.378, 0.624, 0.541, 0.339, 0.374, 0.329, 0.338),
('123e4567-e89b-12d3-a456-426614174054','2025-08-11 12:10:00 +00:00','Train Measurement 5','I/O optimization and caching improvements.','123e4567-e89b-12d3-a456-426614174006','COMPLETED', 'PIPELINE',12610.563, 0.371, 0.612, 0.532, 0.332, 0.366, 0.323, 0.333),
('123e4567-e89b-12d3-a456-426614174055','2025-09-11 12:10:00 +00:00','Train Measurement 6','Memory footprint reduction rollout.','123e4567-e89b-12d3-a456-426614174006','COMPLETED', 'PIPELINE',12488.337, 0.364, 0.604, 0.521, 0.327, 0.359, 0.319, 0.329),
('123e4567-e89b-12d3-a456-426614174056','2025-10-11 12:10:00 +00:00','Train Measurement 7','Refined scheduling algorithm for train systems.','123e4567-e89b-12d3-a456-426614174006','COMPLETED', 'PIPELINE',12365.224, 0.357, 0.597, 0.512, 0.321, 0.352, 0.315, 0.324),
('123e4567-e89b-12d3-a456-426614174057','2025-11-11 12:10:00 +00:00','Train Measurement 8','Stabilized release after several optimization cycles.','123e4567-e89b-12d3-a456-426614174006', 'COMPLETED', 'PIPELINE',12242.119, 0.351, 0.589, 0.504, 0.316, 0.346, 0.311, 0.321),
('00000165-bb33-48d8-b131-6a357e212862','2025-04-11 12:20:00 +00:00','Train Measurement B1','Second train-platform evaluation baseline.','123e4567-e89b-12d3-a456-426614174002','COMPLETED', 'PIPELINE',5050.345, 0.415, 0.642, 0.566, 0.345, 0.378, 0.332, 0.344),
('123e4567-e89b-12d3-a456-426614174062','2025-05-11 12:20:00 +00:00','Train Measurement B2','Train software update with minor optimization.','123e4567-e89b-12d3-a456-426614174002','COMPLETED', 'PIPELINE',5923.556, 0.402, 0.631, 0.553, 0.338, 0.371, 0.328, 0.339),
('123e4567-e89b-12d3-a456-426614174063','2025-06-11 12:20:00 +00:00','Train Measurement B3','I/O efficiency improvement rollout.','123e4567-e89b-12d3-a456-426614174002','COMPLETED', 'PIPELINE',6801.442, 0.394, 0.619, 0.544, 0.332, 0.364, 0.323, 0.334),
('123e4567-e89b-12d3-a456-426614174064','2025-07-11 12:20:00 +00:00','Train Measurement B4','Update: reduced CPU background tasks.','123e4567-e89b-12d3-a456-426614174002','COMPLETED', 'PIPELINE',7674.556, 0.383, 0.612, 0.531, 0.327, 0.355, 0.318, 0.330),
('123e4567-e89b-12d3-a456-426614174065','2025-08-11 12:20:00 +00:00','Train Measurement B5','Cache optimization applied.','123e4567-e89b-12d3-a456-426614174002','COMPLETED', 'PIPELINE', 6549.882, 0.374, 0.605, 0.522, 0.321, 0.347, 0.314, 0.327),
('123e4567-e89b-12d3-a456-426614174066','2025-09-11 12:20:00 +00:00','Train Measurement B6','Updated scheduling logic.','123e4567-e89b-12d3-a456-426614174002','COMPLETED', 'PIPELINE',7423.441, 0.368, 0.598, 0.514, 0.316, 0.341, 0.309, 0.322),
('123e4567-e89b-12d3-a456-426614174067', '2025-10-11 12:20:00 +00:00','Train Measurement B7','System-level optimization patch.','123e4567-e89b-12d3-a456-426614174002','COMPLETED', 'PIPELINE',8310.554, 0.361, 0.589, 0.507, 0.310, 0.335, 0.305, 0.318),
('123e4567-e89b-12d3-a456-426614174068', '2025-11-11 12:20:00 +00:00','Train Measurement B8','Stable release version.','123e4567-e89b-12d3-a456-426614174002','COMPLETED', 'PIPELINE',7192.338, 0.354, 0.582, 0.499, 0.305, 0.329, 0.301, 0.315);

INSERT INTO gitentity (id, repository_name, repository_link, access_type, access_token, creation_date, context_id) VALUES ('123e4567-e89b-12d3-a456-426614179001','car-analytics-service','https://github.com/example/car-analytics-service','PUBLIC',null, '2025-02-11 12:10:00 +00:00','0BCF73BB-EC1D-4F05-B2C9-50E107B9C5EA');
